region,parameter,powertrain,year,unit,value
Australia,EV stock share,EV,2011,percent,0.0003900000010617
Australia,EV sales share,EV,2011,percent,0.0065000001341104
Australia,EV sales share,EV,2012,percent,0.0299999993294477
Australia,EV stock share,EV,2012,percent,0.0024000001139938
Australia,EV stock share,EV,2013,percent,0.0046000001020729
Australia,EV sales share,EV,2013,percent,0.0340000018477439
Australia,EV sales share,EV,2014,percent,0.1599999964237213
Australia,EV stock share,EV,2014,percent,0.0140000004321336
Australia,EV stock share,EV,2015,percent,0.0270000007003545
Australia,EV sales share,EV,2015,percent,0.2000000029802322
Australia,EV sales share,EV,2016,percent,0.1500000059604644
Australia,EV stock share,EV,2016,percent,0.0370000004768371
Australia,EV stock share,EV,2017,percent,0.0520000010728836
Australia,EV sales share,EV,2017,percent,0.2599999904632568
Australia,EV sales share,EV,2018,percent,0.4199999868869781
Australia,EV stock share,EV,2018,percent,0.0769999995827674
Australia,EV stock share,EV,2019,percent,0.1400000005960464
Australia,EV sales share,EV,2019,percent,1.2000000476837158
Australia,EV sales share,EV,2020,percent,1.100000023841858
Australia,EV stock share,EV,2020,percent,0.1800000071525573
Australia,EV stock share,EV,2021,percent,0.3199999928474426
Australia,EV sales share,EV,2021,percent,2.799999952316284
Australia,EV sales share,EV,2022,percent,5.099999904632568
Australia,EV stock share,EV,2022,percent,0.5899999737739563
Australia,EV stock share,EV,2023,percent,1.2000000476837158
Australia,EV sales share,EV,2023,percent,12.0
Austria,EV stock share,EV,2010,percent,0.0078999996185302
Austria,EV stock share,EV,2011,percent,0.0219999998807907
Austria,EV stock share,EV,2012,percent,0.032999999821186
Austria,EV sales share,EV,2013,percent,0.2000000029802322
Austria,EV stock share,EV,2013,percent,0.0529999993741512
Austria,EV stock share,EV,2014,percent,0.0890000015497207
Austria,EV sales share,EV,2014,percent,0.5699999928474426
Austria,EV sales share,EV,2015,percent,0.8999999761581421
Austria,EV stock share,EV,2015,percent,0.1400000005960464
Austria,EV stock share,EV,2016,percent,0.2399999946355819
Austria,EV sales share,EV,2016,percent,1.5
Austria,EV sales share,EV,2017,percent,2.0
Austria,EV stock share,EV,2017,percent,0.3799999952316284
Austria,EV stock share,EV,2018,percent,0.5299999713897705
Austria,EV sales share,EV,2018,percent,2.5999999046325684
Austria,EV sales share,EV,2019,percent,3.5
Austria,EV stock share,EV,2019,percent,0.75
Austria,EV stock share,EV,2020,percent,1.2000000476837158
Austria,EV sales share,EV,2020,percent,9.5
Austria,EV sales share,EV,2021,percent,20.0
Austria,EV stock share,EV,2021,percent,2.0999999046325684
Austria,EV stock share,EV,2022,percent,3.0
Austria,EV sales share,EV,2022,percent,22.0
Austria,EV sales share,EV,2023,percent,26.0
Austria,EV stock share,EV,2023,percent,4.400000095367432
Belgium,EV sales share,EV,2010,percent,0.0099999997764825
Belgium,EV stock share,EV,2010,percent,0.001300000003539
Belgium,EV stock share,EV,2011,percent,0.0065000001341104
Belgium,EV sales share,EV,2011,percent,0.0520000010728836
Belgium,EV sales share,EV,2012,percent,0.1899999976158142
Belgium,EV stock share,EV,2012,percent,0.0219999998807907
Belgium,EV stock share,EV,2013,percent,0.032999999821186
Belgium,EV sales share,EV,2013,percent,0.1199999973177909
Belgium,EV sales share,EV,2014,percent,0.4099999964237213
Belgium,EV stock share,EV,2014,percent,0.06700000166893
Belgium,EV stock share,EV,2015,percent,0.1299999952316284
Belgium,EV sales share,EV,2015,percent,0.7699999809265137
Belgium,EV sales share,EV,2016,percent,1.7000000476837158
Belgium,EV stock share,EV,2016,percent,0.2800000011920929
Belgium,EV stock share,EV,2017,percent,0.5299999713897705
Belgium,EV sales share,EV,2017,percent,2.5999999046325684
Belgium,EV sales share,EV,2018,percent,2.400000095367432
Belgium,EV stock share,EV,2018,percent,0.7400000095367432
Belgium,EV stock share,EV,2019,percent,1.0
Belgium,EV sales share,EV,2019,percent,3.200000047683716
Belgium,EV sales share,EV,2020,percent,11.0
Belgium,EV stock share,EV,2020,percent,1.7999999523162842
Belgium,EV stock share,EV,2021,percent,2.900000095367432
Belgium,EV sales share,EV,2021,percent,18.0
Belgium,EV sales share,EV,2022,percent,26.0
Belgium,EV stock share,EV,2022,percent,4.599999904632568
Belgium,EV stock share,EV,2023,percent,8.199999809265137
Belgium,EV sales share,EV,2023,percent,41.0
Brazil,EV sales share,EV,2010,percent,0.0003499999875202
Brazil,EV sales share,EV,2011,percent,0.0002800000074785
Brazil,EV sales share,EV,2012,percent,0.001300000003539
Brazil,EV sales share,EV,2013,percent,0.0024000001139938
Brazil,EV sales share,EV,2014,percent,0.002199999988079
Brazil,EV stock share,EV,2014,percent,0.000159999995958
Brazil,EV sales share,EV,2015,percent,0.0041999998502433
Brazil,EV stock share,EV,2015,percent,0.0003800000122282
Brazil,EV stock share,EV,2016,percent,0.0007999999797903
Brazil,EV sales share,EV,2016,percent,0.0109999999403953
Brazil,EV sales share,EV,2017,percent,0.0230000000447034
Brazil,EV stock share,EV,2017,percent,0.001700000022538
Brazil,EV stock share,EV,2018,percent,0.0024999999441206
Brazil,EV sales share,EV,2018,percent,0.0199999995529651
Brazil,EV sales share,EV,2019,percent,0.0860000029206276
Brazil,EV stock share,EV,2019,percent,0.0070000002160668
Brazil,EV stock share,EV,2020,percent,0.0130000002682209
Brazil,EV sales share,EV,2020,percent,0.1599999964237213
Brazil,EV sales share,EV,2021,percent,0.8999999761581421
Brazil,EV stock share,EV,2021,percent,0.0460000000894069
Brazil,EV stock share,EV,2022,percent,0.0890000015497207
Brazil,EV sales share,EV,2022,percent,1.2000000476837158
Brazil,EV sales share,EV,2023,percent,3.0
Brazil,EV stock share,EV,2023,percent,0.209999993443489
Bulgaria,EV sales share,EV,2015,percent,0.0900000035762786
Bulgaria,EV sales share,EV,2016,percent,0.050000000745058
Bulgaria,EV sales share,EV,2017,percent,0.3400000035762787
Bulgaria,EV sales share,EV,2018,percent,0.6399999856948853
Bulgaria,EV sales share,EV,2019,percent,0.6700000166893005
Bulgaria,EV sales share,EV,2021,percent,2.200000047683716
Bulgaria,EV sales share,EV,2022,percent,4.0
Bulgaria,EV sales share,EV,2023,percent,5.800000190734863
Canada,EV sales share,EV,2011,percent,0.0410000011324882
Canada,EV stock share,EV,2011,percent,0.0028999999631196
Canada,EV stock share,EV,2012,percent,0.0130000002682209
Canada,EV sales share,EV,2012,percent,0.1400000005960464
Canada,EV sales share,EV,2013,percent,0.2199999988079071
Canada,EV stock share,EV,2013,percent,0.0270000007003545
Canada,EV stock share,EV,2014,percent,0.0529999993741512
Canada,EV sales share,EV,2014,percent,0.3499999940395355
Canada,EV sales share,EV,2015,percent,0.449999988079071
Canada,EV stock share,EV,2015,percent,0.0839999988675117
Canada,EV stock share,EV,2016,percent,0.1299999952316284
Canada,EV sales share,EV,2016,percent,0.7599999904632568
Canada,EV sales share,EV,2017,percent,1.0
Canada,EV stock share,EV,2017,percent,0.209999993443489
Canada,EV stock share,EV,2018,percent,0.3799999952316284
Canada,EV sales share,EV,2018,percent,2.799999952316284
Canada,EV sales share,EV,2019,percent,3.400000095367432
Canada,EV stock share,EV,2019,percent,0.5899999737739563
Canada,EV stock share,EV,2020,percent,0.8299999833106995
Canada,EV sales share,EV,2020,percent,4.199999809265137
Canada,EV sales share,EV,2021,percent,6.400000095367432
Canada,EV stock share,EV,2021,percent,1.2000000476837158
Canada,EV stock share,EV,2022,percent,1.7000000476837158
Canada,EV sales share,EV,2022,percent,9.5
Canada,EV sales share,EV,2023,percent,13.0
Canada,EV stock share,EV,2023,percent,2.299999952316284
Chile,EV sales share,EV,2011,percent,0.0024000001139938
Chile,EV stock share,EV,2011,percent,0.0002200000017182
Chile,EV stock share,EV,2012,percent,0.0003800000122282
Chile,EV sales share,EV,2012,percent,0.0020000000949949
Chile,EV sales share,EV,2013,percent,0.0019000000320374
Chile,EV stock share,EV,2013,percent,0.0005099999834783
Chile,EV stock share,EV,2014,percent,0.0010000000474974
Chile,EV sales share,EV,2014,percent,0.0071000000461936
Chile,EV sales share,EV,2015,percent,0.0170000009238719
Chile,EV stock share,EV,2015,percent,0.0020999999251216
Chile,EV stock share,EV,2016,percent,0.0028999999631196
Chile,EV sales share,EV,2016,percent,0.0130000002682209
Chile,EV sales share,EV,2017,percent,0.0610000006854534
Chile,EV stock share,EV,2017,percent,0.0065000001341104
Chile,EV stock share,EV,2018,percent,0.0109999999403953
Chile,EV sales share,EV,2018,percent,0.0700000002980232
Chile,EV sales share,EV,2019,percent,0.1400000005960464
Chile,EV stock share,EV,2019,percent,0.0170000009238719
Chile,EV stock share,EV,2020,percent,0.0219999998807907
Chile,EV sales share,EV,2020,percent,0.1599999964237213
Chile,EV sales share,EV,2021,percent,0.1899999976158142
Chile,EV stock share,EV,2021,percent,0.0350000001490116
Chile,EV stock share,EV,2022,percent,0.0680000036954879
Chile,EV sales share,EV,2022,percent,0.5
Chile,EV sales share,EV,2023,percent,0.3100000023841858
Chile,EV stock share,EV,2023,percent,0.0869999974966049
China,EV stock share,EV,2010,percent,0.0031000000890344
China,EV sales share,EV,2010,percent,0.0099999997764825
China,EV sales share,EV,2011,percent,0.0340000018477439
China,EV stock share,EV,2011,percent,0.0092000002041459
China,EV stock share,EV,2012,percent,0.0189999993890523
China,EV sales share,EV,2012,percent,0.0729999989271164
China,EV sales share,EV,2013,percent,0.0949999988079071
China,EV stock share,EV,2013,percent,0.0309999994933605
China,EV stock share,EV,2014,percent,0.0700000002980232
China,EV sales share,EV,2014,percent,0.4000000059604645
China,EV sales share,EV,2015,percent,1.0
China,EV stock share,EV,2015,percent,0.209999993443489
China,EV stock share,EV,2016,percent,0.3899999856948852
China,EV sales share,EV,2016,percent,1.5
China,EV sales share,EV,2017,percent,2.400000095367432
China,EV stock share,EV,2017,percent,0.6600000262260437
China,EV sales share,EV,2018,percent,4.699999809265137
China,EV stock share,EV,2018,percent,1.100000023841858
China,EV stock share,EV,2019,percent,1.5
China,EV sales share,EV,2019,percent,5.0
China,EV sales share,EV,2020,percent,5.699999809265137
China,EV stock share,EV,2020,percent,1.899999976158142
China,EV stock share,EV,2021,percent,3.0999999046325684
China,EV sales share,EV,2021,percent,16.0
China,EV sales share,EV,2022,percent,29.0
China,EV stock share,EV,2022,percent,5.099999904632568
China,EV stock share,EV,2023,percent,7.599999904632568
China,EV sales share,EV,2023,percent,38.0
Colombia,EV sales share,EV,2015,percent,0.0170000009238719
Colombia,EV sales share,EV,2016,percent,0.0230000000447034
Colombia,EV sales share,EV,2017,percent,0.06700000166893
Colombia,EV sales share,EV,2018,percent,0.2399999946355819
Colombia,EV sales share,EV,2019,percent,0.550000011920929
Colombia,EV sales share,EV,2020,percent,0.5699999928474426
Colombia,EV sales share,EV,2021,percent,1.2000000476837158
Colombia,EV sales share,EV,2022,percent,2.0
Colombia,EV sales share,EV,2023,percent,3.900000095367432
Costa Rica,EV sales share,EV,2015,percent,0.0096000004559755
Costa Rica,EV sales share,EV,2016,percent,0.025000000372529
Costa Rica,EV sales share,EV,2017,percent,0.0599999986588954
Costa Rica,EV sales share,EV,2018,percent,0.5899999737739563
Costa Rica,EV sales share,EV,2019,percent,1.5
Costa Rica,EV sales share,EV,2020,percent,2.700000047683716
Costa Rica,EV sales share,EV,2021,percent,3.900000095367432
Costa Rica,EV sales share,EV,2022,percent,5.5
Costa Rica,EV sales share,EV,2023,percent,12.0
Croatia,EV sales share,EV,2019,percent,0.4099999964237213
Croatia,EV sales share,EV,2020,percent,1.899999976158142
Croatia,EV sales share,EV,2021,percent,3.799999952316284
Croatia,EV sales share,EV,2022,percent,5.0
Croatia,EV sales share,EV,2023,percent,4.599999904632568
Cyprus,EV sales share,EV,2019,percent,0.1899999976158142
Cyprus,EV sales share,EV,2020,percent,1.399999976158142
Cyprus,EV sales share,EV,2021,percent,1.7000000476837158
Cyprus,EV sales share,EV,2022,percent,5.400000095367432
Cyprus,EV sales share,EV,2023,percent,8.800000190734863
Czech Republic,EV sales share,EV,2015,percent,0.1299999952316284
Czech Republic,EV sales share,EV,2016,percent,0.0799999982118606
Czech Republic,EV sales share,EV,2017,percent,0.1400000005960464
Czech Republic,EV sales share,EV,2018,percent,0.3799999952316284
Czech Republic,EV sales share,EV,2019,percent,0.4900000095367431
Czech Republic,EV sales share,EV,2020,percent,2.5
Czech Republic,EV sales share,EV,2021,percent,3.0999999046325684
Czech Republic,EV sales share,EV,2022,percent,3.900000095367432
Czech Republic,EV sales share,EV,2023,percent,5.400000095367432
Denmark,EV stock share,EV,2010,percent,0.0037000000011175
Denmark,EV stock share,EV,2011,percent,0.0230000000447034
Denmark,EV sales share,EV,2011,percent,0.25
Denmark,EV sales share,EV,2012,percent,0.2899999916553497
Denmark,EV stock share,EV,2012,percent,0.0560000017285347
Denmark,EV stock share,EV,2013,percent,0.0680000036954879
Denmark,EV sales share,EV,2013,percent,0.2800000011920929
Denmark,EV sales share,EV,2014,percent,0.8999999761581421
Denmark,EV stock share,EV,2014,percent,0.1299999952316284
Denmark,EV stock share,EV,2015,percent,0.3499999940395355
Denmark,EV sales share,EV,2015,percent,2.299999952316284
Denmark,EV sales share,EV,2016,percent,0.8500000238418579
Denmark,EV stock share,EV,2016,percent,0.4000000059604645
Denmark,EV stock share,EV,2017,percent,0.4199999868869781
Denmark,EV sales share,EV,2017,percent,0.6000000238418579
Denmark,EV sales share,EV,2018,percent,2.0999999046325684
Denmark,EV stock share,EV,2018,percent,0.5899999737739563
Denmark,EV stock share,EV,2019,percent,0.959999978542328
Denmark,EV sales share,EV,2019,percent,4.199999809265137
Denmark,EV sales share,EV,2020,percent,16.0
Denmark,EV stock share,EV,2020,percent,2.299999952316284
Denmark,EV stock share,EV,2021,percent,5.199999809265137
Denmark,EV sales share,EV,2021,percent,35.0
Denmark,EV sales share,EV,2022,percent,39.0
Denmark,EV stock share,EV,2022,percent,7.800000190734863
Denmark,EV stock share,EV,2023,percent,11.0
Denmark,EV sales share,EV,2023,percent,46.0
Estonia,EV sales share,EV,2015,percent,0.1599999964237213
Estonia,EV sales share,EV,2016,percent,0.1500000059604644
Estonia,EV sales share,EV,2017,percent,0.1800000071525573
Estonia,EV sales share,EV,2018,percent,0.4600000083446502
Estonia,EV sales share,EV,2019,percent,0.3600000143051147
Estonia,EV sales share,EV,2020,percent,1.7999999523162842
Estonia,EV sales share,EV,2021,percent,3.200000047683716
Estonia,EV sales share,EV,2022,percent,5.400000095367432
Estonia,EV sales share,EV,2023,percent,8.800000190734863
EU27,EV sales share,EV,2010,percent,0.0099999997764825
EU27,EV stock share,EV,2010,percent,0.0024000001139938
EU27,EV stock share,EV,2011,percent,0.0060999998822808
EU27,EV sales share,EV,2011,percent,0.0649999976158142
EU27,EV sales share,EV,2012,percent,0.1899999976158142
EU27,EV stock share,EV,2012,percent,0.0149999996647238
EU27,EV stock share,EV,2013,percent,0.0370000004768371
EU27,EV sales share,EV,2013,percent,0.4699999988079071
EU27,EV sales share,EV,2014,percent,0.5600000023841858
EU27,EV stock share,EV,2014,percent,0.0630000010132789
EU27,EV stock share,EV,2015,percent,0.1199999973177909
EU27,EV sales share,EV,2015,percent,1.100000023841858
EU27,EV sales share,EV,2016,percent,0.9800000190734864
EU27,EV stock share,EV,2016,percent,0.1700000017881393
EU27,EV stock share,EV,2017,percent,0.25
EU27,EV sales share,EV,2017,percent,1.2999999523162842
EU27,EV sales share,EV,2018,percent,1.899999976158142
EU27,EV stock share,EV,2018,percent,0.3499999940395355
EU27,EV stock share,EV,2019,percent,0.4900000095367431
EU27,EV sales share,EV,2019,percent,2.900000095367432
EU27,EV sales share,EV,2020,percent,10.0
EU27,EV stock share,EV,2020,percent,0.9300000071525574
EU27,EV stock share,EV,2021,percent,1.7000000476837158
EU27,EV sales share,EV,2021,percent,17.0
EU27,EV sales share,EV,2022,percent,21.0
EU27,EV stock share,EV,2022,percent,2.5
EU27,EV stock share,EV,2023,percent,3.5999999046325684
EU27,EV sales share,EV,2023,percent,22.0
Europe,EV stock share,EV,2010,percent,0.0038999998942017
Europe,EV sales share,EV,2010,percent,0.0120000001043081
Europe,EV sales share,EV,2011,percent,0.0740000009536743
Europe,EV stock share,EV,2011,percent,0.0078999996185302
Europe,EV stock share,EV,2012,percent,0.0179999992251396
Europe,EV sales share,EV,2012,percent,0.2000000029802322
Europe,EV sales share,EV,2013,percent,0.4199999868869781
Europe,EV stock share,EV,2013,percent,0.0399999991059303
Europe,EV stock share,EV,2014,percent,0.0740000009536743
Europe,EV sales share,EV,2014,percent,0.6600000262260437
Europe,EV sales share,EV,2015,percent,1.2000000476837158
Europe,EV stock share,EV,2015,percent,0.1400000005960464
Europe,EV stock share,EV,2016,percent,0.2199999988079071
Europe,EV sales share,EV,2016,percent,1.2000000476837158
Europe,EV sales share,EV,2017,percent,1.7000000476837158
Europe,EV stock share,EV,2017,percent,0.3100000023841858
Europe,EV stock share,EV,2018,percent,0.449999988079071
Europe,EV sales share,EV,2018,percent,2.299999952316284
Europe,EV sales share,EV,2019,percent,3.299999952316284
Europe,EV stock share,EV,2019,percent,0.6100000143051147
Europe,EV stock share,EV,2020,percent,1.100000023841858
Europe,EV sales share,EV,2020,percent,10.0
Europe,EV sales share,EV,2021,percent,17.0
Europe,EV stock share,EV,2021,percent,1.7999999523162842
Europe,EV stock share,EV,2022,percent,2.700000047683716
Europe,EV sales share,EV,2022,percent,20.0
Europe,EV sales share,EV,2023,percent,21.0
Europe,EV stock share,EV,2023,percent,3.799999952316284
Finland,EV sales share,EV,2011,percent,0.025000000372529
Finland,EV stock share,EV,2011,percent,0.0020000000949949
Finland,EV stock share,EV,2012,percent,0.0086000002920627
Finland,EV sales share,EV,2012,percent,0.1700000017881393
Finland,EV sales share,EV,2013,percent,0.209999993443489
Finland,EV stock share,EV,2013,percent,0.0170000009238719
Finland,EV stock share,EV,2014,percent,0.0340000018477439
Finland,EV sales share,EV,2014,percent,0.4099999964237213
Finland,EV sales share,EV,2015,percent,0.6000000238418579
Finland,EV stock share,EV,2015,percent,0.0579999983310699
Finland,EV stock share,EV,2016,percent,0.1199999973177909
Finland,EV sales share,EV,2016,percent,1.2000000476837158
Finland,EV sales share,EV,2017,percent,2.5999999046325684
Finland,EV stock share,EV,2017,percent,0.2599999904632568
Finland,EV stock share,EV,2018,percent,0.5600000023841858
Finland,EV sales share,EV,2018,percent,4.699999809265137
Finland,EV sales share,EV,2019,percent,6.900000095367432
Finland,EV stock share,EV,2019,percent,1.100000023841858
Finland,EV stock share,EV,2020,percent,2.0
Finland,EV sales share,EV,2020,percent,18.0
Finland,EV sales share,EV,2021,percent,31.0
Finland,EV stock share,EV,2021,percent,3.5999999046325684
Finland,EV stock share,EV,2022,percent,5.400000095367432
Finland,EV sales share,EV,2022,percent,38.0
Finland,EV sales share,EV,2023,percent,54.0
Finland,EV stock share,EV,2023,percent,8.100000381469727
France,EV sales share,EV,2010,percent,0.0120000001043081
France,EV stock share,EV,2010,percent,0.0009299999801442
France,EV stock share,EV,2011,percent,0.0093000000342726
France,EV sales share,EV,2011,percent,0.1199999973177909
France,EV sales share,EV,2012,percent,0.3300000131130218
France,EV stock share,EV,2012,percent,0.0280000008642673
France,EV stock share,EV,2013,percent,0.0579999983310699
France,EV sales share,EV,2013,percent,0.5299999713897705
France,EV sales share,EV,2014,percent,0.6899999976158142
France,EV stock share,EV,2014,percent,0.0970000028610229
France,EV stock share,EV,2015,percent,0.1700000017881393
France,EV sales share,EV,2015,percent,1.2000000476837158
France,EV sales share,EV,2016,percent,1.399999976158142
France,EV stock share,EV,2016,percent,0.2599999904632568
France,EV stock share,EV,2017,percent,0.4600000083446502
France,EV sales share,EV,2017,percent,1.7000000476837158
France,EV sales share,EV,2018,percent,2.0
France,EV stock share,EV,2018,percent,0.6000000238418579
France,EV stock share,EV,2019,percent,0.6600000262260437
France,EV sales share,EV,2019,percent,2.700000047683716
France,EV sales share,EV,2020,percent,11.0
France,EV stock share,EV,2020,percent,1.100000023841858
France,EV stock share,EV,2021,percent,1.899999976158142
France,EV sales share,EV,2021,percent,17.0
France,EV sales share,EV,2022,percent,20.0
France,EV stock share,EV,2022,percent,2.799999952316284
France,EV stock share,EV,2023,percent,4.099999904632568
France,EV sales share,EV,2023,percent,25.0
Germany,EV stock share,EV,2010,percent,0.0005799999926239
Germany,EV sales share,EV,2010,percent,0.0049000000581145
Germany,EV sales share,EV,2011,percent,0.0520000010728836
Germany,EV stock share,EV,2011,percent,0.0043999999761581
Germany,EV stock share,EV,2012,percent,0.0120000001043081
Germany,EV sales share,EV,2012,percent,0.1099999994039535
Germany,EV sales share,EV,2013,percent,0.2300000041723251
Germany,EV stock share,EV,2013,percent,0.0280000008642673
Germany,EV stock share,EV,2014,percent,0.0560000017285347
Germany,EV sales share,EV,2014,percent,0.449999988079071
Germany,EV sales share,EV,2015,percent,0.7300000190734863
Germany,EV stock share,EV,2015,percent,0.0970000028610229
Germany,EV stock share,EV,2016,percent,0.1400000005960464
Germany,EV sales share,EV,2016,percent,0.7400000095367432
Germany,EV sales share,EV,2017,percent,1.600000023841858
Germany,EV stock share,EV,2017,percent,0.2199999988079071
Germany,EV stock share,EV,2018,percent,0.3499999940395355
Germany,EV sales share,EV,2018,percent,2.0
Germany,EV sales share,EV,2019,percent,3.0
Germany,EV stock share,EV,2019,percent,0.5
Germany,EV stock share,EV,2020,percent,1.2999999523162842
Germany,EV sales share,EV,2020,percent,14.0
Germany,EV sales share,EV,2021,percent,26.0
Germany,EV stock share,EV,2021,percent,2.5999999046325684
Germany,EV stock share,EV,2022,percent,3.900000095367432
Germany,EV sales share,EV,2022,percent,31.0
Germany,EV sales share,EV,2023,percent,24.0
Germany,EV stock share,EV,2023,percent,5.400000095367432
Greece,EV stock share,EV,2013,percent,6.7000000854e-05
Greece,EV sales share,EV,2013,percent,0.0051000001840293
Greece,EV sales share,EV,2014,percent,0.0549999997019767
Greece,EV stock share,EV,2014,percent,0.0009500000160187
Greece,EV stock share,EV,2015,percent,0.0027000000700354
Greece,EV sales share,EV,2015,percent,0.0780000016093254
Greece,EV sales share,EV,2016,percent,0.1199999973177909
Greece,EV stock share,EV,2016,percent,0.0049999998882412
Greece,EV stock share,EV,2017,percent,0.0096000004559755
Greece,EV sales share,EV,2017,percent,0.2199999988079071
Greece,EV sales share,EV,2018,percent,0.2899999916553497
Greece,EV stock share,EV,2018,percent,0.0170000009238719
Greece,EV stock share,EV,2019,percent,0.0289999991655349
Greece,EV sales share,EV,2019,percent,0.4199999868869781
Greece,EV sales share,EV,2020,percent,2.5999999046325684
Greece,EV stock share,EV,2020,percent,0.0829999968409538
Greece,EV stock share,EV,2021,percent,0.2599999904632568
Greece,EV sales share,EV,2021,percent,6.900000095367432
Greece,EV sales share,EV,2022,percent,7.900000095367432
Greece,EV stock share,EV,2022,percent,0.5199999809265137
Greece,EV stock share,EV,2023,percent,0.9100000262260436
Greece,EV sales share,EV,2023,percent,14.0
Hungary,EV sales share,EV,2015,percent,0.1700000017881393
Hungary,EV sales share,EV,2016,percent,0.3600000143051147
Hungary,EV sales share,EV,2017,percent,1.0
Hungary,EV sales share,EV,2018,percent,1.5
Hungary,EV sales share,EV,2019,percent,1.899999976158142
Hungary,EV sales share,EV,2020,percent,4.699999809265137
Hungary,EV sales share,EV,2021,percent,7.0
Hungary,EV sales share,EV,2022,percent,8.600000381469727
Hungary,EV sales share,EV,2023,percent,11.0
Iceland,EV stock share,EV,2010,percent,0.0066999997943639
Iceland,EV stock share,EV,2011,percent,0.0066999997943639
Iceland,EV stock share,EV,2012,percent,0.0189999993890523
Iceland,EV sales share,EV,2012,percent,0.3300000131130218
Iceland,EV sales share,EV,2013,percent,1.399999976158142
Iceland,EV stock share,EV,2013,percent,0.06700000166893
Iceland,EV stock share,EV,2014,percent,0.1500000059604644
Iceland,EV sales share,EV,2014,percent,2.400000095367432
Iceland,EV sales share,EV,2015,percent,3.900000095367432
Iceland,EV stock share,EV,2015,percent,0.3600000143051147
Iceland,EV stock share,EV,2016,percent,0.75
Iceland,EV sales share,EV,2016,percent,6.300000190734863
Iceland,EV sales share,EV,2017,percent,14.0
Iceland,EV stock share,EV,2017,percent,1.7000000476837158
Iceland,EV stock share,EV,2018,percent,3.400000095367432
Iceland,EV sales share,EV,2018,percent,20.0
Iceland,EV sales share,EV,2019,percent,26.0
Iceland,EV stock share,EV,2019,percent,4.699999809265137
Iceland,EV stock share,EV,2020,percent,6.5
Iceland,EV sales share,EV,2020,percent,52.0
Iceland,EV sales share,EV,2021,percent,70.0
Iceland,EV stock share,EV,2021,percent,9.300000190734863
Iceland,EV stock share,EV,2022,percent,14.0
Iceland,EV sales share,EV,2022,percent,69.0
Iceland,EV sales share,EV,2023,percent,71.0
Iceland,EV stock share,EV,2023,percent,18.0
India,EV sales share,EV,2010,percent,0.0209999997168779
India,EV stock share,EV,2010,percent,0.0049999998882412
India,EV stock share,EV,2011,percent,0.0066999997943639
India,EV sales share,EV,2011,percent,0.0560000017285347
India,EV sales share,EV,2012,percent,0.0071999998763203
India,EV stock share,EV,2012,percent,0.0120000001043081
India,EV stock share,EV,2013,percent,0.0120000001043081
India,EV sales share,EV,2013,percent,0.0160000007599592
India,EV sales share,EV,2014,percent,0.0379999987781047
India,EV stock share,EV,2014,percent,0.0130000002682209
India,EV stock share,EV,2015,percent,0.0149999996647238
India,EV sales share,EV,2015,percent,0.0170000009238719
India,EV sales share,EV,2016,percent,0.0260000005364418
India,EV stock share,EV,2016,percent,0.0149999996647238
India,EV stock share,EV,2017,percent,0.0209999997168779
India,EV sales share,EV,2017,percent,0.0309999994933605
India,EV sales share,EV,2018,percent,0.0299999993294477
India,EV stock share,EV,2018,percent,0.0219999998807907
India,EV stock share,EV,2019,percent,0.0219999998807907
India,EV sales share,EV,2019,percent,0.0240000002086162
India,EV stock share,EV,2020,percent,0.0289999991655349
India,EV sales share,EV,2020,percent,0.1199999973177909
India,EV sales share,EV,2021,percent,0.3499999940395355
India,EV stock share,EV,2021,percent,0.0540000014007091
India,EV stock share,EV,2022,percent,0.1500000059604644
India,EV sales share,EV,2022,percent,1.2000000476837158
India,EV sales share,EV,2023,percent,2.0
India,EV stock share,EV,2023,percent,0.3100000023841858
Ireland,EV sales share,EV,2015,percent,0.4699999988079071
Ireland,EV sales share,EV,2016,percent,0.4699999988079071
Ireland,EV sales share,EV,2017,percent,0.7200000286102295
Ireland,EV sales share,EV,2018,percent,1.600000023841858
Ireland,EV sales share,EV,2019,percent,4.099999904632568
Ireland,EV sales share,EV,2020,percent,7.400000095367432
Ireland,EV sales share,EV,2021,percent,16.0
Ireland,EV sales share,EV,2022,percent,22.0
Ireland,EV sales share,EV,2023,percent,27.0
Israel,EV stock share,EV,2010,percent,0.0003199999919161
Israel,EV stock share,EV,2011,percent,0.0043000001460313
Israel,EV sales share,EV,2011,percent,0.001300000003539
Israel,EV sales share,EV,2012,percent,0.270000010728836
Israel,EV stock share,EV,2012,percent,0.0289999991655349
Israel,EV stock share,EV,2013,percent,0.0480000004172325
Israel,EV sales share,EV,2013,percent,0.209999993443489
Israel,EV sales share,EV,2014,percent,0.0219999998807907
Israel,EV stock share,EV,2014,percent,0.0560000017285347
Israel,EV stock share,EV,2015,percent,0.0549999997019767
Israel,EV sales share,EV,2015,percent,0.0240000002086162
Israel,EV sales share,EV,2016,percent,0.0219999998807907
Israel,EV stock share,EV,2016,percent,0.0540000014007091
Israel,EV stock share,EV,2017,percent,0.1099999994039535
Israel,EV sales share,EV,2017,percent,0.5199999809265137
Israel,EV sales share,EV,2018,percent,1.2000000476837158
Israel,EV stock share,EV,2018,percent,0.2300000041723251
Israel,EV stock share,EV,2019,percent,0.3700000047683716
Israel,EV sales share,EV,2019,percent,1.600000023841858
Israel,EV sales share,EV,2020,percent,2.5999999046325684
Israel,EV stock share,EV,2020,percent,0.5799999833106995
Israel,EV stock share,EV,2021,percent,1.2999999523162842
Israel,EV sales share,EV,2021,percent,6.900000095367432
Israel,EV sales share,EV,2022,percent,12.0
Israel,EV stock share,EV,2022,percent,2.5
Israel,EV stock share,EV,2023,percent,4.199999809265137
Israel,EV sales share,EV,2023,percent,19.0
Italy,EV sales share,EV,2010,percent,0.0020000000949949
Italy,EV stock share,EV,2010,percent,0.001700000022538
Italy,EV stock share,EV,2011,percent,0.0020000000949949
Italy,EV sales share,EV,2011,percent,0.0065000001341104
Italy,EV sales share,EV,2012,percent,0.032999999821186
Italy,EV stock share,EV,2012,percent,0.0031999999191612
Italy,EV stock share,EV,2013,percent,0.0057999999262392
Italy,EV sales share,EV,2013,percent,0.0799999982118606
Italy,EV sales share,EV,2014,percent,0.1000000014901161
Italy,EV stock share,EV,2014,percent,0.0093999998643994
Italy,EV stock share,EV,2015,percent,0.0149999996647238
Italy,EV sales share,EV,2015,percent,0.1400000005960464
Italy,EV sales share,EV,2016,percent,0.1500000059604644
Italy,EV stock share,EV,2016,percent,0.0219999998807907
Italy,EV stock share,EV,2017,percent,0.0340000018477439
Italy,EV sales share,EV,2017,percent,0.25
Italy,EV sales share,EV,2018,percent,0.5099999904632568
Italy,EV stock share,EV,2018,percent,0.0579999983310699
Italy,EV stock share,EV,2019,percent,0.1000000014901161
Italy,EV sales share,EV,2019,percent,0.8999999761581421
Italy,EV sales share,EV,2020,percent,4.300000190734863
Italy,EV stock share,EV,2020,percent,0.25
Italy,EV stock share,EV,2021,percent,0.5899999737739563
Italy,EV sales share,EV,2021,percent,9.5
Italy,EV sales share,EV,2022,percent,8.600000381469727
Italy,EV stock share,EV,2022,percent,0.9100000262260436
Italy,EV stock share,EV,2023,percent,1.2999999523162842
Italy,EV sales share,EV,2023,percent,9.199999809265137
Japan,EV sales share,EV,2010,percent,0.0529999993741512
Japan,EV stock share,EV,2010,percent,0.0060999998822808
Japan,EV stock share,EV,2011,percent,0.0280000008642673
Japan,EV sales share,EV,2011,percent,0.2899999916553497
Japan,EV sales share,EV,2012,percent,0.449999988079071
Japan,EV stock share,EV,2012,percent,0.0689999982714653
Japan,EV stock share,EV,2013,percent,0.1199999973177909
Japan,EV sales share,EV,2013,percent,0.5400000214576721
Japan,EV sales share,EV,2014,percent,0.6100000143051147
Japan,EV stock share,EV,2014,percent,0.1899999976158142
Japan,EV stock share,EV,2015,percent,0.2199999988079071
Japan,EV sales share,EV,2015,percent,0.5199999809265137
Japan,EV sales share,EV,2016,percent,0.5099999904632568
Japan,EV stock share,EV,2016,percent,0.25
Japan,EV stock share,EV,2017,percent,0.3100000023841858
Japan,EV sales share,EV,2017,percent,1.2000000476837158
Japan,EV sales share,EV,2018,percent,1.100000023841858
Japan,EV stock share,EV,2018,percent,0.3600000143051147
Japan,EV stock share,EV,2019,percent,0.4099999964237213
Japan,EV sales share,EV,2019,percent,0.8600000143051147
Japan,EV sales share,EV,2020,percent,0.75
Japan,EV stock share,EV,2020,percent,0.449999988079071
Japan,EV stock share,EV,2021,percent,0.5099999904632568
Japan,EV sales share,EV,2021,percent,1.2000000476837158
Japan,EV sales share,EV,2022,percent,2.799999952316284
Japan,EV stock share,EV,2022,percent,0.6399999856948853
Japan,EV stock share,EV,2023,percent,0.8399999737739563
Japan,EV sales share,EV,2023,percent,3.5999999046325684
Korea,EV sales share,EV,2010,percent,0.0049999998882412
Korea,EV stock share,EV,2010,percent,0.0003999999898951
Korea,EV stock share,EV,2011,percent,0.002199999988079
Korea,EV sales share,EV,2011,percent,0.0230000000447034
Korea,EV sales share,EV,2012,percent,0.0410000011324882
Korea,EV stock share,EV,2012,percent,0.0054000001400709
Korea,EV stock share,EV,2013,percent,0.0091000003740191
Korea,EV sales share,EV,2013,percent,0.0489999987185001
Korea,EV sales share,EV,2014,percent,0.0930000022053718
Korea,EV stock share,EV,2014,percent,0.0170000009238719
Korea,EV stock share,EV,2015,percent,0.0359999984502792
Korea,EV sales share,EV,2015,percent,0.2199999988079071
Korea,EV sales share,EV,2016,percent,0.3300000131130218
Korea,EV stock share,EV,2016,percent,0.0640000030398368
Korea,EV stock share,EV,2017,percent,0.1400000005960464
Korea,EV sales share,EV,2017,percent,0.949999988079071
Korea,EV sales share,EV,2018,percent,3.799999952316284
Korea,EV stock share,EV,2018,percent,0.3300000131130218
Korea,EV stock share,EV,2019,percent,0.5299999713897705
Korea,EV sales share,EV,2019,percent,2.299999952316284
Korea,EV sales share,EV,2020,percent,2.400000095367432
Korea,EV stock share,EV,2020,percent,0.7400000095367432
Korea,EV stock share,EV,2021,percent,1.2000000476837158
Korea,EV sales share,EV,2021,percent,5.800000190734863
Korea,EV sales share,EV,2022,percent,8.5
Korea,EV stock share,EV,2022,percent,1.7000000476837158
Korea,EV stock share,EV,2023,percent,2.299999952316284
Korea,EV sales share,EV,2023,percent,7.900000095367432
Latvia,EV sales share,EV,2015,percent,0.1899999976158142
Latvia,EV sales share,EV,2016,percent,0.2399999946355819
Latvia,EV sales share,EV,2017,percent,0.2399999946355819
Latvia,EV sales share,EV,2018,percent,0.5299999713897705
Latvia,EV sales share,EV,2019,percent,0.5400000214576721
Latvia,EV sales share,EV,2020,percent,2.5999999046325684
Latvia,EV sales share,EV,2021,percent,3.900000095367432
Latvia,EV sales share,EV,2022,percent,8.100000381469727
Latvia,EV sales share,EV,2023,percent,11.0
Lithuania,EV sales share,EV,2015,percent,0.2199999988079071
Lithuania,EV sales share,EV,2016,percent,0.3199999928474426
Lithuania,EV sales share,EV,2017,percent,0.2000000029802322
Lithuania,EV sales share,EV,2019,percent,0.3499999940395355
Lithuania,EV sales share,EV,2020,percent,1.100000023841858
Lithuania,EV sales share,EV,2021,percent,5.0
Lithuania,EV sales share,EV,2022,percent,7.900000095367432
Lithuania,EV sales share,EV,2023,percent,7.5
Luxembourg,EV sales share,EV,2019,percent,3.5
Luxembourg,EV sales share,EV,2020,percent,11.0
Luxembourg,EV sales share,EV,2021,percent,20.0
Luxembourg,EV sales share,EV,2022,percent,24.0
Luxembourg,EV sales share,EV,2023,percent,32.0
Mexico,EV sales share,EV,2011,percent,0.0002600000007078
Mexico,EV stock share,EV,2011,percent,1.4999999621e-05
Mexico,EV stock share,EV,2012,percent,0.0004400000034365
Mexico,EV sales share,EV,2012,percent,0.0076999999582767
Mexico,EV sales share,EV,2013,percent,0.0008900000248104
Mexico,EV stock share,EV,2013,percent,0.0004799999878741
Mexico,EV stock share,EV,2014,percent,0.0006699999794363
Mexico,EV sales share,EV,2014,percent,0.0038000000640749
Mexico,EV sales share,EV,2015,percent,0.0080000003799796
Mexico,EV stock share,EV,2015,percent,0.0010999999940395
Mexico,EV stock share,EV,2016,percent,0.0041999998502433
Mexico,EV sales share,EV,2016,percent,0.0529999993741512
Mexico,EV sales share,EV,2017,percent,0.0860000029206276
Mexico,EV stock share,EV,2017,percent,0.008899999782443
Mexico,EV stock share,EV,2018,percent,0.0149999996647238
Mexico,EV sales share,EV,2018,percent,0.1400000005960464
Mexico,EV sales share,EV,2019,percent,0.1400000005960464
Mexico,EV stock share,EV,2019,percent,0.0209999997168779
Mexico,EV stock share,EV,2020,percent,0.0350000001490116
Mexico,EV sales share,EV,2020,percent,0.449999988079071
Mexico,EV sales share,EV,2021,percent,0.7200000286102295
Mexico,EV stock share,EV,2021,percent,0.0590000003576278
Mexico,EV stock share,EV,2022,percent,0.0890000015497207
Mexico,EV sales share,EV,2022,percent,0.8899999856948853
Mexico,EV sales share,EV,2023,percent,1.2999999523162842
Mexico,EV stock share,EV,2023,percent,0.1400000005960464
Netherlands,EV sales share,EV,2010,percent,0.025000000372529
Netherlands,EV stock share,EV,2010,percent,0.0035999999381601
Netherlands,EV stock share,EV,2011,percent,0.0149999996647238
Netherlands,EV sales share,EV,2011,percent,0.1599999964237213
Netherlands,EV sales share,EV,2012,percent,1.0
Netherlands,EV stock share,EV,2012,percent,0.0790000036358833
Netherlands,EV stock share,EV,2013,percent,0.3600000143051147
Netherlands,EV sales share,EV,2013,percent,5.5
Netherlands,EV sales share,EV,2014,percent,3.900000095367432
Netherlands,EV stock share,EV,2014,percent,0.550000011920929
Netherlands,EV stock share,EV,2015,percent,1.100000023841858
Netherlands,EV sales share,EV,2015,percent,9.5
Netherlands,EV sales share,EV,2016,percent,5.800000190734863
Netherlands,EV stock share,EV,2016,percent,1.399999976158142
Netherlands,EV stock share,EV,2017,percent,1.399999976158142
Netherlands,EV sales share,EV,2017,percent,2.200000047683716
Netherlands,EV sales share,EV,2018,percent,6.199999809265137
Netherlands,EV stock share,EV,2018,percent,1.600000023841858
Netherlands,EV stock share,EV,2019,percent,2.299999952316284
Netherlands,EV sales share,EV,2019,percent,15.0
Netherlands,EV sales share,EV,2020,percent,25.0
Netherlands,EV stock share,EV,2020,percent,3.0999999046325684
Netherlands,EV stock share,EV,2021,percent,4.300000190734863
Netherlands,EV sales share,EV,2021,percent,29.0
Netherlands,EV sales share,EV,2022,percent,35.0
Netherlands,EV stock share,EV,2022,percent,6.0
Netherlands,EV stock share,EV,2023,percent,8.300000190734863
Netherlands,EV sales share,EV,2023,percent,44.0
New Zealand,EV stock share,EV,2010,percent,0.0004799999878741
New Zealand,EV sales share,EV,2010,percent,0.0063000000081956
New Zealand,EV sales share,EV,2011,percent,0.0098999999463558
New Zealand,EV stock share,EV,2011,percent,0.0009899999713525
New Zealand,EV stock share,EV,2012,percent,0.0019000000320374
New Zealand,EV sales share,EV,2012,percent,0.0170000009238719
New Zealand,EV sales share,EV,2013,percent,0.0189999993890523
New Zealand,EV stock share,EV,2013,percent,0.0031000000890344
New Zealand,EV stock share,EV,2014,percent,0.0140000004321336
New Zealand,EV sales share,EV,2014,percent,0.1400000005960464
New Zealand,EV sales share,EV,2015,percent,0.3000000119209289
New Zealand,EV stock share,EV,2015,percent,0.0299999993294477
New Zealand,EV stock share,EV,2016,percent,0.0799999982118606
New Zealand,EV sales share,EV,2016,percent,0.7799999713897705
New Zealand,EV sales share,EV,2017,percent,1.399999976158142
New Zealand,EV stock share,EV,2017,percent,0.1899999976158142
New Zealand,EV stock share,EV,2018,percent,0.3700000047683716
New Zealand,EV sales share,EV,2018,percent,2.0999999046325684
New Zealand,EV sales share,EV,2019,percent,2.299999952316284
New Zealand,EV stock share,EV,2019,percent,0.5699999928474426
New Zealand,EV stock share,EV,2020,percent,0.7200000286102295
New Zealand,EV sales share,EV,2020,percent,1.600000023841858
New Zealand,EV sales share,EV,2021,percent,3.400000095367432
New Zealand,EV stock share,EV,2021,percent,1.100000023841858
New Zealand,EV stock share,EV,2022,percent,1.899999976158142
New Zealand,EV sales share,EV,2022,percent,11.0
New Zealand,EV sales share,EV,2023,percent,14.0
New Zealand,EV stock share,EV,2023,percent,2.799999952316284
Norway,EV sales share,EV,2010,percent,0.2800000011920929
Norway,EV stock share,EV,2010,percent,0.1199999973177909
Norway,EV stock share,EV,2011,percent,0.1700000017881393
Norway,EV sales share,EV,2011,percent,1.399999976158142
Norway,EV sales share,EV,2012,percent,3.0999999046325684
Norway,EV stock share,EV,2012,percent,0.3600000143051147
Norway,EV stock share,EV,2013,percent,0.6399999856948853
Norway,EV sales share,EV,2013,percent,5.800000190734863
Norway,EV sales share,EV,2014,percent,15.0
Norway,EV stock share,EV,2014,percent,1.399999976158142
Norway,EV stock share,EV,2015,percent,2.700000047683716
Norway,EV sales share,EV,2015,percent,22.0
Norway,EV stock share,EV,2016,percent,4.300000190734863
Norway,EV sales share,EV,2016,percent,29.0
Norway,EV sales share,EV,2017,percent,39.0
Norway,EV stock share,EV,2017,percent,6.400000095367432
Norway,EV stock share,EV,2018,percent,8.899999618530273
Norway,EV sales share,EV,2018,percent,49.0
Norway,EV sales share,EV,2019,percent,56.0
Norway,EV stock share,EV,2019,percent,12.0
Norway,EV stock share,EV,2020,percent,17.0
Norway,EV sales share,EV,2020,percent,75.0
Norway,EV sales share,EV,2021,percent,86.0
Norway,EV stock share,EV,2021,percent,21.0
Norway,EV stock share,EV,2022,percent,26.0
Norway,EV sales share,EV,2022,percent,89.0
Norway,EV sales share,EV,2023,percent,93.0
Norway,EV stock share,EV,2023,percent,29.0
Poland,EV sales share,EV,2010,percent,0.0048000002279877
Poland,EV sales share,EV,2011,percent,0.0140000004321336
Poland,EV sales share,EV,2012,percent,0.0170000009238719
Poland,EV sales share,EV,2013,percent,0.0130000002682209
Poland,EV sales share,EV,2014,percent,0.061999998986721
Poland,EV sales share,EV,2015,percent,0.0610000006854534
Poland,EV stock share,EV,2015,percent,0.0120000001043081
Poland,EV stock share,EV,2016,percent,0.0170000009238719
Poland,EV sales share,EV,2016,percent,0.1199999973177909
Poland,EV sales share,EV,2017,percent,0.2199999988079071
Poland,EV stock share,EV,2017,percent,0.0140000004321336
Poland,EV stock share,EV,2018,percent,0.0209999997168779
Poland,EV sales share,EV,2018,percent,0.2599999904632568
Poland,EV sales share,EV,2019,percent,0.4900000095367431
Poland,EV stock share,EV,2019,percent,0.0469999983906745
Poland,EV stock share,EV,2020,percent,0.0949999988079071
Poland,EV sales share,EV,2020,percent,1.899999976158142
Poland,EV sales share,EV,2021,percent,3.5999999046325684
Poland,EV stock share,EV,2021,percent,0.1899999976158142
Poland,EV stock share,EV,2022,percent,0.3100000023841858
Poland,EV sales share,EV,2022,percent,6.0
Poland,EV sales share,EV,2023,percent,6.599999904632568
Poland,EV stock share,EV,2023,percent,0.4900000095367431
Portugal,EV sales share,EV,2010,percent,0.0057999999262392
Portugal,EV stock share,EV,2010,percent,0.0149999996647238
Portugal,EV stock share,EV,2011,percent,0.0189999993890523
Portugal,EV sales share,EV,2011,percent,0.1099999994039535
Portugal,EV sales share,EV,2012,percent,0.0879999995231628
Portugal,EV stock share,EV,2012,percent,0.0230000000447034
Portugal,EV stock share,EV,2013,percent,0.0270000007003545
Portugal,EV sales share,EV,2013,percent,0.1700000017881393
Portugal,EV sales share,EV,2014,percent,0.2000000029802322
Portugal,EV stock share,EV,2014,percent,0.0289999991655349
Portugal,EV stock share,EV,2015,percent,0.0529999993741512
Portugal,EV sales share,EV,2015,percent,0.6200000047683716
Portugal,EV sales share,EV,2016,percent,0.8700000047683716
Portugal,EV stock share,EV,2016,percent,0.0930000022053718
Portugal,EV stock share,EV,2017,percent,0.1899999976158142
Portugal,EV sales share,EV,2017,percent,2.0
Portugal,EV sales share,EV,2018,percent,3.5999999046325684
Portugal,EV stock share,EV,2018,percent,0.3600000143051147
Portugal,EV stock share,EV,2019,percent,0.6200000047683716
Portugal,EV sales share,EV,2019,percent,5.599999904632568
Portugal,EV sales share,EV,2020,percent,13.0
Portugal,EV stock share,EV,2020,percent,1.100000023841858
Portugal,EV stock share,EV,2021,percent,1.7000000476837158
Portugal,EV sales share,EV,2021,percent,20.0
Portugal,EV sales share,EV,2022,percent,22.0
Portugal,EV stock share,EV,2022,percent,2.5
Portugal,EV stock share,EV,2023,percent,3.900000095367432
Portugal,EV sales share,EV,2023,percent,32.0
Rest of the world,EV sales share,EV,2011,percent,0.0003199999919161
Rest of the world,EV stock share,EV,2011,percent,0.0001900000061141
Rest of the world,EV stock share,EV,2012,percent,0.0004299999854993
Rest of the world,EV sales share,EV,2012,percent,0.0035999999381601
Rest of the world,EV sales share,EV,2013,percent,0.001700000022538
Rest of the world,EV stock share,EV,2013,percent,0.0005499999970197
Rest of the world,EV stock share,EV,2014,percent,0.00089999998454
Rest of the world,EV sales share,EV,2014,percent,0.0043000001460313
Rest of the world,EV sales share,EV,2015,percent,0.0379999987781047
Rest of the world,EV stock share,EV,2015,percent,0.0040000001899898
Rest of the world,EV stock share,EV,2016,percent,0.0048000002279877
Rest of the world,EV sales share,EV,2016,percent,0.0160000007599592
Rest of the world,EV sales share,EV,2017,percent,0.0230000000447034
Rest of the world,EV stock share,EV,2017,percent,0.006000000052154
Rest of the world,EV stock share,EV,2018,percent,0.0082000000402331
Rest of the world,EV sales share,EV,2018,percent,0.0370000004768371
Rest of the world,EV sales share,EV,2019,percent,0.0820000022649765
Rest of the world,EV stock share,EV,2019,percent,0.0130000002682209
Rest of the world,EV stock share,EV,2020,percent,0.0209999997168779
Rest of the world,EV sales share,EV,2020,percent,0.1800000071525573
Rest of the world,EV sales share,EV,2021,percent,0.2800000011920929
Rest of the world,EV stock share,EV,2021,percent,0.0359999984502792
Rest of the world,EV stock share,EV,2022,percent,0.0680000036954879
Rest of the world,EV sales share,EV,2022,percent,0.6700000166893005
Rest of the world,EV stock share,EV,2023,percent,0.1400000005960464
Rest of the world,EV sales share,EV,2023,percent,1.5
Romania,EV sales share,EV,2015,percent,0.0299999993294477
Romania,EV sales share,EV,2016,percent,0.0799999982118606
Romania,EV sales share,EV,2017,percent,0.1800000071525573
Romania,EV sales share,EV,2018,percent,0.4600000083446502
Romania,EV sales share,EV,2019,percent,0.9300000071525574
Romania,EV sales share,EV,2020,percent,3.0999999046325684
Romania,EV sales share,EV,2021,percent,5.199999809265137
Romania,EV sales share,EV,2022,percent,9.0
Romania,EV sales share,EV,2023,percent,11.0
Seychelles,EV sales share,EV,2015,percent,0.1500000059604644
Seychelles,EV sales share,EV,2016,percent,0.6299999952316284
Seychelles,EV sales share,EV,2017,percent,2.0
Seychelles,EV sales share,EV,2018,percent,2.299999952316284
Seychelles,EV sales share,EV,2019,percent,2.5999999046325684
Seychelles,EV sales share,EV,2020,percent,3.299999952316284
Seychelles,EV sales share,EV,2021,percent,4.199999809265137
Seychelles,EV sales share,EV,2022,percent,1.7000000476837158
Seychelles,EV sales share,EV,2023,percent,5.0
Slovakia,EV sales share,EV,2015,percent,0.0700000002980232
Slovakia,EV sales share,EV,2016,percent,0.0700000002980232
Slovakia,EV sales share,EV,2017,percent,0.2199999988079071
Slovakia,EV sales share,EV,2018,percent,0.3000000119209289
Slovakia,EV sales share,EV,2019,percent,0.3600000143051147
Slovakia,EV sales share,EV,2020,percent,2.299999952316284
Slovakia,EV sales share,EV,2021,percent,3.0
Slovakia,EV sales share,EV,2022,percent,3.700000047683716
Slovakia,EV sales share,EV,2023,percent,6.099999904632568
Slovenia,EV sales share,EV,2016,percent,0.3199999928474426
Slovenia,EV sales share,EV,2017,percent,0.6399999856948853
Slovenia,EV sales share,EV,2018,percent,0.9100000262260436
Slovenia,EV sales share,EV,2019,percent,0.2899999916553497
Slovenia,EV sales share,EV,2020,percent,3.0999999046325684
Slovenia,EV sales share,EV,2021,percent,3.799999952316284
Slovenia,EV sales share,EV,2022,percent,6.199999809265137
Slovenia,EV sales share,EV,2023,percent,11.0
South Africa,EV sales share,EV,2013,percent,0.0074999998323619
South Africa,EV stock share,EV,2013,percent,0.0005200000014156
South Africa,EV stock share,EV,2014,percent,0.0007200000109151
South Africa,EV sales share,EV,2014,percent,0.003400000045076
South Africa,EV sales share,EV,2015,percent,0.0579999983310699
South Africa,EV stock share,EV,2015,percent,0.0041000000201165
South Africa,EV stock share,EV,2016,percent,0.0093000000342726
South Africa,EV sales share,EV,2016,percent,0.1000000014901161
South Africa,EV sales share,EV,2017,percent,0.0529999993741512
South Africa,EV stock share,EV,2017,percent,0.0120000001043081
South Africa,EV stock share,EV,2018,percent,0.0140000004321336
South Africa,EV sales share,EV,2018,percent,0.0410000011324882
South Africa,EV sales share,EV,2019,percent,0.0640000030398368
South Africa,EV stock share,EV,2019,percent,0.0160000007599592
South Africa,EV stock share,EV,2020,percent,0.0189999993890523
South Africa,EV sales share,EV,2020,percent,0.0979999974370002
South Africa,EV sales share,EV,2021,percent,0.0879999995231628
South Africa,EV stock share,EV,2021,percent,0.0230000000447034
South Africa,EV stock share,EV,2022,percent,0.0280000008642673
South Africa,EV sales share,EV,2022,percent,0.1700000017881393
South Africa,EV sales share,EV,2023,percent,0.2899999916553497
South Africa,EV stock share,EV,2023,percent,0.0439999997615814
Spain,EV sales share,EV,2010,percent,0.0076999999582767
Spain,EV stock share,EV,2010,percent,0.0003399999986868
Spain,EV stock share,EV,2011,percent,0.0020999999251216
Spain,EV sales share,EV,2011,percent,0.0489999987185001
Spain,EV sales share,EV,2012,percent,0.0759999975562095
Spain,EV stock share,EV,2012,percent,0.0044999998062849
Spain,EV stock share,EV,2013,percent,0.0086000002920627
Spain,EV sales share,EV,2013,percent,0.1199999973177909
Spain,EV sales share,EV,2014,percent,0.2000000029802322
Spain,EV stock share,EV,2014,percent,0.0160000007599592
Spain,EV stock share,EV,2015,percent,0.0260000005364418
Spain,EV sales share,EV,2015,percent,0.2000000029802322
Spain,EV sales share,EV,2016,percent,0.3100000023841858
Spain,EV stock share,EV,2016,percent,0.0399999991059303
Spain,EV stock share,EV,2017,percent,0.0710000023245811
Spain,EV sales share,EV,2017,percent,0.6000000238418579
Spain,EV sales share,EV,2018,percent,0.8799999952316284
Spain,EV stock share,EV,2018,percent,0.1199999973177909
Spain,EV stock share,EV,2019,percent,0.1899999976158142
Spain,EV sales share,EV,2019,percent,1.399999976158142
Spain,EV sales share,EV,2020,percent,4.900000095367432
Spain,EV stock share,EV,2020,percent,0.3600000143051147
Spain,EV stock share,EV,2021,percent,0.6200000047683716
Spain,EV sales share,EV,2021,percent,7.800000190734863
Spain,EV sales share,EV,2022,percent,8.899999618530273
Spain,EV stock share,EV,2022,percent,0.9399999976158142
Spain,EV stock share,EV,2023,percent,1.5
Spain,EV sales share,EV,2023,percent,12.0
Sweden,EV sales share,EV,2010,percent,0.001300000003539
Sweden,EV stock share,EV,2010,percent,9.20000020414e-05
Sweden,EV stock share,EV,2011,percent,0.0041000000201165
Sweden,EV sales share,EV,2011,percent,0.0540000014007091
Sweden,EV sales share,EV,2012,percent,0.3100000023841858
Sweden,EV stock share,EV,2012,percent,0.0280000008642673
Sweden,EV stock share,EV,2013,percent,0.0579999983310699
Sweden,EV sales share,EV,2013,percent,0.5299999713897705
Sweden,EV sales share,EV,2014,percent,1.399999976158142
Sweden,EV stock share,EV,2014,percent,0.1500000059604644
Sweden,EV stock share,EV,2015,percent,0.3100000023841858
Sweden,EV sales share,EV,2015,percent,2.400000095367432
Sweden,EV sales share,EV,2016,percent,3.400000095367432
Sweden,EV stock share,EV,2016,percent,0.550000011920929
Sweden,EV stock share,EV,2017,percent,0.8899999856948853
Sweden,EV sales share,EV,2017,percent,5.099999904632568
Sweden,EV sales share,EV,2018,percent,7.599999904632568
Sweden,EV stock share,EV,2018,percent,1.2999999523162842
Sweden,EV stock share,EV,2019,percent,2.0
Sweden,EV sales share,EV,2019,percent,11.0
Sweden,EV sales share,EV,2020,percent,32.0
Sweden,EV stock share,EV,2020,percent,3.5999999046325684
Sweden,EV stock share,EV,2021,percent,6.0
Sweden,EV sales share,EV,2021,percent,43.0
Sweden,EV sales share,EV,2022,percent,54.0
Sweden,EV stock share,EV,2022,percent,8.699999809265137
Sweden,EV stock share,EV,2023,percent,11.0
Sweden,EV sales share,EV,2023,percent,60.0
Switzerland,EV stock share,EV,2011,percent,0.0099999997764825
Switzerland,EV sales share,EV,2011,percent,0.1400000005960464
Switzerland,EV sales share,EV,2012,percent,0.2300000041723251
Switzerland,EV stock share,EV,2012,percent,0.0280000008642673
Switzerland,EV stock share,EV,2013,percent,0.0579999983310699
Switzerland,EV sales share,EV,2013,percent,0.4300000071525574
Switzerland,EV sales share,EV,2014,percent,0.959999978542328
Switzerland,EV stock share,EV,2014,percent,0.1199999973177909
Switzerland,EV stock share,EV,2015,percent,0.25
Switzerland,EV sales share,EV,2015,percent,1.7000000476837158
Switzerland,EV sales share,EV,2016,percent,1.899999976158142
Switzerland,EV stock share,EV,2016,percent,0.3600000143051147
Switzerland,EV stock share,EV,2017,percent,0.5400000214576721
Switzerland,EV sales share,EV,2017,percent,2.700000047683716
Switzerland,EV sales share,EV,2018,percent,3.200000047683716
Switzerland,EV stock share,EV,2018,percent,0.7699999809265137
Switzerland,EV stock share,EV,2019,percent,1.100000023841858
Switzerland,EV sales share,EV,2019,percent,5.599999904632568
Switzerland,EV sales share,EV,2020,percent,14.0
Switzerland,EV stock share,EV,2020,percent,1.7999999523162842
Switzerland,EV stock share,EV,2021,percent,2.900000095367432
Switzerland,EV sales share,EV,2021,percent,23.0
Switzerland,EV sales share,EV,2022,percent,26.0
Switzerland,EV stock share,EV,2022,percent,4.199999809265137
Switzerland,EV stock share,EV,2023,percent,5.800000190734863
Switzerland,EV sales share,EV,2023,percent,30.0
Turkiye,EV sales share,EV,2012,percent,0.0160000007599592
Turkiye,EV stock share,EV,2013,percent,0.0024999999441206
Turkiye,EV sales share,EV,2013,percent,0.0001199999969685
Turkiye,EV sales share,EV,2014,percent,0.0120000001043081
Turkiye,EV stock share,EV,2014,percent,0.0027000000700354
Turkiye,EV stock share,EV,2015,percent,0.0038000000640749
Turkiye,EV sales share,EV,2015,percent,0.0309999994933605
Turkiye,EV sales share,EV,2016,percent,0.0130000002682209
Turkiye,EV stock share,EV,2016,percent,0.006000000052154
Turkiye,EV stock share,EV,2017,percent,0.0065999999642372
Turkiye,EV sales share,EV,2017,percent,0.0109999999403953
Turkiye,EV sales share,EV,2018,percent,0.0439999997615814
Turkiye,EV stock share,EV,2018,percent,0.0082000000402331
Turkiye,EV stock share,EV,2019,percent,0.0160000007599592
Turkiye,EV sales share,EV,2019,percent,0.06700000166893
Turkiye,EV sales share,EV,2020,percent,0.1700000017881393
Turkiye,EV stock share,EV,2020,percent,0.032999999821186
Turkiye,EV stock share,EV,2021,percent,0.0689999982714653
Turkiye,EV sales share,EV,2021,percent,0.550000011920929
Turkiye,EV sales share,EV,2022,percent,1.100000023841858
Turkiye,EV stock share,EV,2022,percent,0.1299999952316284
Turkiye,EV stock share,EV,2023,percent,0.6299999952316284
Turkiye,EV sales share,EV,2023,percent,10.0
United Arab Emirates,EV sales share,EV,2018,percent,0.025000000372529
United Arab Emirates,EV sales share,EV,2019,percent,0.0260000005364418
United Arab Emirates,EV sales share,EV,2020,percent,0.5299999713897705
United Arab Emirates,EV sales share,EV,2021,percent,2.5999999046325684
United Arab Emirates,EV sales share,EV,2022,percent,11.0
United Arab Emirates,EV sales share,EV,2023,percent,13.0
United Kingdom,EV stock share,EV,2010,percent,0.0052999998442828
United Kingdom,EV sales share,EV,2010,percent,0.0130000002682209
United Kingdom,EV sales share,EV,2011,percent,0.061999998986721
United Kingdom,EV stock share,EV,2011,percent,0.0089999996125698
United Kingdom,EV stock share,EV,2012,percent,0.0170000009238719
United Kingdom,EV sales share,EV,2012,percent,0.1299999952316284
United Kingdom,EV sales share,EV,2013,percent,0.1599999964237213
United Kingdom,EV stock share,EV,2013,percent,0.0270000007003545
United Kingdom,EV stock share,EV,2014,percent,0.0719999969005584
United Kingdom,EV sales share,EV,2014,percent,0.5899999737739563
United Kingdom,EV sales share,EV,2015,percent,1.100000023841858
United Kingdom,EV stock share,EV,2015,percent,0.1599999964237213
United Kingdom,EV stock share,EV,2016,percent,0.270000010728836
United Kingdom,EV sales share,EV,2016,percent,1.399999976158142
United Kingdom,EV stock share,EV,2017,percent,0.4000000059604645
United Kingdom,EV sales share,EV,2017,percent,1.899999976158142
United Kingdom,EV sales share,EV,2018,percent,2.5999999046325684
United Kingdom,EV stock share,EV,2018,percent,0.5699999928474426
United Kingdom,EV stock share,EV,2019,percent,0.7599999904632568
United Kingdom,EV sales share,EV,2019,percent,3.299999952316284
United Kingdom,EV sales share,EV,2020,percent,11.0
United Kingdom,EV stock share,EV,2020,percent,1.2999999523162842
United Kingdom,EV stock share,EV,2021,percent,2.0999999046325684
United Kingdom,EV sales share,EV,2021,percent,19.0
United Kingdom,EV sales share,EV,2022,percent,23.0
United Kingdom,EV stock share,EV,2022,percent,2.900000095367432
United Kingdom,EV stock share,EV,2023,percent,5.0
United Kingdom,EV sales share,EV,2023,percent,24.0
USA,EV stock share,EV,2010,percent,0.001700000022538
USA,EV sales share,EV,2010,percent,0.0120000001043081
USA,EV sales share,EV,2011,percent,0.1500000059604644
USA,EV stock share,EV,2011,percent,0.0098999999463558
USA,EV stock share,EV,2012,percent,0.0340000018477439
USA,EV sales share,EV,2012,percent,0.4199999868869781
USA,EV sales share,EV,2013,percent,0.7099999785423279
USA,EV stock share,EV,2013,percent,0.0780000016093254
USA,EV stock share,EV,2014,percent,0.1400000005960464
USA,EV sales share,EV,2014,percent,0.7699999809265137
USA,EV sales share,EV,2015,percent,0.699999988079071
USA,EV stock share,EV,2015,percent,0.1899999976158142
USA,EV stock share,EV,2016,percent,0.2599999904632568
USA,EV sales share,EV,2016,percent,0.9900000095367432
USA,EV sales share,EV,2017,percent,1.2999999523162842
USA,EV stock share,EV,2017,percent,0.3300000131130218
USA,EV stock share,EV,2018,percent,0.4799999892711639
USA,EV sales share,EV,2018,percent,2.299999952316284
USA,EV sales share,EV,2019,percent,2.0999999046325684
USA,EV stock share,EV,2019,percent,0.6200000047683716
USA,EV stock share,EV,2020,percent,0.7699999809265137
USA,EV sales share,EV,2020,percent,2.299999952316284
USA,EV sales share,EV,2021,percent,4.699999809265137
USA,EV stock share,EV,2021,percent,0.949999988079071
USA,EV sales share,EV,2022,percent,7.400000095367432
USA,EV stock share,EV,2022,percent,1.2999999523162842
USA,EV stock share,EV,2023,percent,2.0999999046325684
USA,EV sales share,EV,2023,percent,9.5
World,EV stock share,EV,2010,percent,0.0023000000510364
World,EV sales share,EV,2010,percent,0.0109999999403953
World,EV sales share,EV,2011,percent,0.0680000036954879
World,EV stock share,EV,2011,percent,0.0074999998323619
World,EV stock share,EV,2012,percent,0.0199999995529651
World,EV sales share,EV,2012,percent,0.1599999964237213
World,EV sales share,EV,2013,percent,0.270000010728836
World,EV stock share,EV,2013,percent,0.0399999991059303
World,EV stock share,EV,2014,percent,0.0710000023245811
World,EV sales share,EV,2014,percent,0.4099999964237213
World,EV sales share,EV,2015,percent,0.6800000071525574
World,EV stock share,EV,2015,percent,0.1199999973177909
World,EV stock share,EV,2016,percent,0.1899999976158142
World,EV sales share,EV,2016,percent,0.8999999761581421
World,EV sales share,EV,2017,percent,1.399999976158142
World,EV stock share,EV,2017,percent,0.2800000011920929
World,EV stock share,EV,2018,percent,0.4399999976158142
World,EV sales share,EV,2018,percent,2.400000095367432
World,EV sales share,EV,2019,percent,2.5999999046325684
World,EV stock share,EV,2019,percent,0.6000000238418579
World,EV stock share,EV,2020,percent,0.8399999737739563
World,EV sales share,EV,2020,percent,4.199999809265137
World,EV sales share,EV,2021,percent,8.899999618530273
World,EV stock share,EV,2021,percent,1.2999999523162842
World,EV stock share,EV,2022,percent,2.0999999046325684
World,EV sales share,EV,2022,percent,14.0
World,EV sales share,EV,2023,percent,18.0
World,EV stock share,EV,2023,percent,3.200000047683716
